<?xml version="1.0" encoding="UTF-8"?>
<project-private xmlns="http://www.netbeans.org/ns/project-private/1">
    <editor-bookmarks xmlns="http://www.netbeans.org/ns/editor-bookmarks/2" lastBookmarkId="0"/>
    <open-files xmlns="http://www.netbeans.org/ns/projectui-open-files/2">
        <group>
            <file>file:/C:/Users/David/Documents/NetBeansProjects/ConcesionarioA404/src/concesionarioa404/IControladorCliente.java</file>
            <file>file:/C:/Users/David/Documents/NetBeansProjects/ConcesionarioA404/src/concesionarioa404/Fabrica.java</file>
            <file>file:/C:/Users/David/Documents/NetBeansProjects/ConcesionarioA404/src/Visual/Consultar.java</file>
            <file>file:/C:/Users/David/Documents/NetBeansProjects/ConcesionarioA404/src/concesionarioa404/IControladorVehiculos.java</file>
            <file>file:/C:/Users/David/Documents/NetBeansProjects/ConcesionarioA404/src/concesionarioa404/Cliente.java</file>
            <file>file:/C:/Users/David/Documents/NetBeansProjects/ConcesionarioA404/src/Visual/Agregar.java</file>
            <file>file:/C:/Users/David/Documents/NetBeansProjects/ConcesionarioA404/src/Visual/Principal.java</file>
            <file>file:/C:/Users/David/Documents/NetBeansProjects/ConcesionarioA404/src/concesionarioa404/AdministradorVehiculo.java</file>
            <file>file:/C:/Users/David/Documents/NetBeansProjects/ConcesionarioA404/src/concesionarioa404/DataVehiculo.java</file>
            <file>file:/C:/Users/David/Documents/NetBeansProjects/ConcesionarioA404/src/Visual/PreguntasFrequentes.java</file>
            <file>file:/C:/Users/David/Documents/NetBeansProjects/ConcesionarioA404/src/concesionarioa404/Vehiculo.java</file>
            <file>file:/C:/Users/David/Documents/NetBeansProjects/ConcesionarioA404/src/concesionarioa404/ArchivosVehiculos.java</file>
            <file>file:/C:/Users/David/Documents/NetBeansProjects/ConcesionarioA404/src/Visual/DatosCliente.java</file>
            <file>file:/C:/Users/David/Documents/NetBeansProjects/ConcesionarioA404/src/concesionarioa404/ControladorCliente.java</file>
            <file>file:/C:/Users/David/Documents/NetBeansProjects/ConcesionarioA404/src/Visual/MenuCliente.java</file>
            <file>file:/C:/Users/David/Documents/NetBeansProjects/ConcesionarioA404/src/concesionarioa404/AdministradorCliente.java</file>
            <file>file:/C:/Users/David/Documents/NetBeansProjects/ConcesionarioA404/src/Visual/MenuAdministrador.java</file>
            <file>file:/C:/Users/David/Documents/NetBeansProjects/ConcesionarioA404/src/concesionarioa404/DataCliente.java</file>
        </group>
    </open-files>
</project-private>
