<?xml version="1.0" encoding="UTF-8"?>
<project-private xmlns="http://www.netbeans.org/ns/project-private/1">
    <editor-bookmarks xmlns="http://www.netbeans.org/ns/editor-bookmarks/2" lastBookmarkId="0"/>
    <open-files xmlns="http://www.netbeans.org/ns/projectui-open-files/2">
        <group>
            <file>file:/C:/Users/David/Documents/NetBeansProjects/ConsencionarióProyecto/src/consencionarióproyecto/ConsencionarióProyecto.java</file>
            <file>file:/C:/Users/David/Documents/NetBeansProjects/ConsencionarióProyecto/src/consencionarióproyecto/Venta.java</file>
            <file>file:/C:/Users/David/Documents/NetBeansProjects/ConsencionarióProyecto/src/consencionarióproyecto/Pre_venta.java</file>
            <file>file:/C:/Users/David/Documents/NetBeansProjects/ConsencionarióProyecto/src/consencionarióproyecto/Camioneta_4x4.java</file>
            <file>file:/C:/Users/David/Documents/NetBeansProjects/ConsencionarióProyecto/src/consencionarióproyecto/Comprar.java</file>
            <file>file:/C:/Users/David/Documents/NetBeansProjects/ConsencionarióProyecto/src/consencionarióproyecto/Vehiculos.java</file>
            <file>file:/C:/Users/David/Documents/NetBeansProjects/ConsencionarióProyecto/src/consencionarióproyecto/Consultar.java</file>
            <file>file:/C:/Users/David/Documents/NetBeansProjects/ConsencionarióProyecto/src/consencionarióproyecto/Automovil.java</file>
            <file>file:/C:/Users/David/Documents/NetBeansProjects/ConsencionarióProyecto/src/consencionarióproyecto/Asesoria.java</file>
        </group>
    </open-files>
</project-private>
