<?xml version="1.0" encoding="UTF-8"?>
<project-private xmlns="http://www.netbeans.org/ns/project-private/1">
    <editor-bookmarks xmlns="http://www.netbeans.org/ns/editor-bookmarks/2" lastBookmarkId="0"/>
    <open-files xmlns="http://www.netbeans.org/ns/projectui-open-files/2">
        <group>
            <file>file:/C:/Users/David/Documents/NetBeansProjects/figuras/src/figuras/dibujoC.java</file>
            <file>file:/C:/Users/David/Documents/NetBeansProjects/figuras/src/figuras/Cuadrilatero.java</file>
            <file>file:/C:/Users/David/Documents/NetBeansProjects/figuras/src/Presentacion/main_fig.java</file>
            <file>file:/C:/Users/David/Documents/NetBeansProjects/figuras/src/figuras/Punto2D.java</file>
            <file>file:/C:/Users/David/Documents/NetBeansProjects/figuras/src/figuras/Principal.java</file>
            <file>file:/C:/Users/David/Documents/NetBeansProjects/figuras/src/figuras/Figura.java</file>
            <file>file:/C:/Users/David/Documents/NetBeansProjects/figuras/src/figuras/Triangulo.java</file>
            <file>file:/C:/Users/David/Documents/NetBeansProjects/figuras/src/figuras/dibujo.java</file>
        </group>
    </open-files>
</project-private>
